{"name":"15f35406-059e-46b2-bb43-3e5b19242e78","id":"/providers/Microsoft.Flow/flows/15f35406-059e-46b2-bb43-3e5b19242e78","type":"Microsoft.Flow/flows","properties":{"apiId":"/providers/Microsoft.PowerApps/apis/shared_logicflows","displayName":"Send an e-mail notification the last working day of the month (except holidays)","definition":{"metadata":{"workflowEntityId":null,"flowclientsuspensionreason":"None","flowclientsuspensiontime":null,"creator":{"id":"9e96012d-32ed-403e-a5aa-214bdea98011","type":"User","tenantId":"c35399f0-5ea9-4b99-b28c-2e01481c1b07"},"provisioningMethod":"FromDefinition","failureAlertSubscription":true,"clientLastModifiedTime":"2021-01-07T22:27:27.6895312Z"},"$schema":"https://schema.management.azure.com/providers/Microsoft.Logic/schemas/2016-06-01/workflowdefinition.json#","contentVersion":"1.0.0.0","parameters":{"$connections":{"defaultValue":{},"type":"Object"},"$authentication":{"defaultValue":{},"type":"SecureObject"}},"triggers":{"Recurrence":{"recurrence":{"frequency":"Day","interval":1,"schedule":{"hours":["6"]}},"type":"Recurrence","conditions":[{"expression":"@greater(utcNow(),addDays(startOfMonth(addToTime(utcNow(),1,'Month')),-4))"}]}},"actions":{"DateCountDown-1_=_'DateCountDown'_minus_1_day":{"runAfter":{"DateCountDown_=_first_day_of_the_next_month":["Succeeded"]},"type":"InitializeVariable","inputs":{"variables":[{"name":"DateCountDown-1","type":"string","value":"@{addDays(variables('DateCountDown'),-1)}"}]}},"Date_=_now":{"runAfter":{},"type":"InitializeVariable","inputs":{"variables":[{"name":"Date","type":"string","value":"@{utcNow()}"}]}},"DayOfWeek_=_day_of_the_week_from_'DateCountDown'":{"runAfter":{"DateCountDown-1_=_'DateCountDown'_minus_1_day":["Succeeded"]},"type":"InitializeVariable","inputs":{"variables":[{"name":"DayOfWeek","type":"integer","value":"@dayOfWeek(variables('DateCountDown'))"}]}},"DateCountDown_=_first_day_of_the_next_month":{"runAfter":{"Date_=_now":["Succeeded"]},"type":"InitializeVariable","inputs":{"variables":[{"name":"DateCountDown","type":"string","value":"@{startOfMonth(addToTime(variables('Date'),1,'Month'))}"}]}},"Count_down_until_find_the_last_working_day_of_the_month":{"actions":{"Set_DateCountDown=_DateCountDown-1":{"runAfter":{},"type":"SetVariable","inputs":{"name":"DateCountDown","value":"@variables('DateCountDown-1')"}},"Set_DateCountDown-1_=_AddDays('DateCountDown',-1)":{"runAfter":{"Set_DateCountDown=_DateCountDown-1":["Succeeded"]},"type":"SetVariable","inputs":{"name":"DateCountDown-1","value":"@{addDays(variables('DateCountDown'), -1)}"}},"Set_DayOfWeek_=_get_day_of_the_week_from_'DateCountDown'":{"runAfter":{"Set_DateCountDown-1_=_AddDays('DateCountDown',-1)":["Succeeded"]},"type":"SetVariable","inputs":{"name":"DayOfWeek","value":"@dayOfWeek(variables('DateCountDown'))"}}},"runAfter":{"mail":["Succeeded"]},"expression":"@and(not(equals(variables('DayOfWeek'), 0)), not(equals(variables('DayOfWeek'), 6)))","limit":{"count":8,"timeout":"PT1H"},"type":"Until"},"Is_the_last_working_day_of_the_month_today_(check_if_today_=_DateCountDown)":{"actions":{"Send_me_an_email_notification_that_today_is_the_last_working_day_of_the_month_2":{"runAfter":{},"type":"OpenApiConnection","inputs":{"host":{"apiId":"/providers/Microsoft.PowerApps/apis/shared_flowpush","connectionName":"shared_flowpush","operationId":"SendEmailNotification"},"parameters":{"NotificationEmailDefinition/notificationSubject":"@outputs('mail')['subject']","NotificationEmailDefinition/notificationBody":"@outputs('mail')['body']"},"authentication":"@parameters('$authentication')"}}},"runAfter":{"Count_down_until_find_the_last_working_day_of_the_month":["Succeeded"]},"else":{"actions":{"Terminate_2":{"runAfter":{},"type":"Terminate","inputs":{"runStatus":"Cancelled"}}}},"expression":{"equals":["@formatDateTime(variables('DateCountDown'), 'dd-MM-yyyy')","@formatDateTime(variables('Date'), 'dd-MM-yyyy')"]},"type":"If"},"mail":{"runAfter":{"DayOfWeek_=_day_of_the_week_from_'DateCountDown'":["Succeeded"]},"type":"Compose","inputs":{"subject":"Power Automate notification - today is the last working day of the month (except holidays)","body":"Hi,<br>Just wanted to let you know that today is the last working day of the month (except holidays).<br><br>Your sincerly<br>Power Automate Flow"}}},"outputs":{},"description":"Send an e-mail notification the last working day of the month (except holidays) \nby Michal Ziemba\nver 1.1 /Jan 2021"},"connectionReferences":{"shared_flowpush":{"connectionName":"shared-flowpush-66ba99bc-78cf-49dc-9631-c509a2be20e6","source":"Embedded","id":"/providers/Microsoft.PowerApps/apis/shared_flowpush","tier":"NotSpecified"}},"flowFailureAlertSubscribed":false}}